20190927,1,나만의 맞춤샴푸 밍글
20190927,2,에뛰드 수콜데이
20190927,3,시베리아 선발대
20190927,4,밍글샴푸
20190927,5,배윤정
20190927,6,이부진
20190927,7,라퍼지스토어 아우터특가
20190927,8,임우재
20190927,9,뮬라웨어 만원의 행복 시즌2
20190927,10,위장약 발암물질
20190927,11,제롬
20190927,12,트래블월렛
20190927,13,뮬라웨어
20190927,14,시서스
20190927,15,송영학
20190927,16,김형우
20190927,17,나만의맞춤샴푸
20190927,18,박은영 아나운서
20190927,19,밍글
20190927,20,비밀의숲
20190926,1,무신사 캘빈클라인 핫세일
20190926,2,8억칫솔
20190926,3,라니티딘
20190926,4,마켓컬리 올페이퍼챌린지
20190926,5,잔탁
20190926,6,이강인 골
20190926,7,8억칫솔 이플래쉬
20190926,8,이강인
20190926,9,이낙연
20190926,10,위장약
20190926,11,윤지오
20190926,12,남선알미늄
20190926,13,신세계면세점 갓딜
20190926,14,청일전자 미쓰리
20190926,15,무신사 캘빈클라인
20190926,16,8억칫솔 27원
20190926,17,포항지진
20190926,18,미미박스
20190926,19,이여진 기상캐스터
20190926,20,식약처
20190925,1,에이치몰 쏙담마켓
20190925,2,꾸까꽃반값할인
20190925,3,티르티르
20190925,4,쏙담마켓
20190925,5,꾸까
20190925,6,데미무어
20190925,7,국대떡볶이
20190925,8,무신사 헤드 플리스 특가
20190925,9,cj더마켓원더세일
20190925,10,애쉬튼 커쳐
20190925,11,밀라 쿠니스
20190925,12,유시민
20190925,13,비트코인
20190925,14,글로리데이
20190925,15,트럼프 탄핵
20190925,16,로스트아크
20190925,17,바벨
20190925,18,프롤린유산균
20190925,19,박혜민
20190925,20,h몰쏙담마켓
20190924,1,신세경구스다운
20190924,2,진중권
20190924,3,카카두플럼
20190924,4,안다르와 함께하는
20190924,5,공지영
20190924,6,강서구 산부인과
20190924,7,수원 노래방 폭행
20190924,8,토스현금8만원이벤트
20190924,9,안다르 구스다운
20190924,10,안다르
20190924,11,우리가조국이다
20190924,12,한국사능력검정시험
20190924,13,헬릭스미스
20190924,14,보이로 전기요
20190924,15,김포요양병원
20190924,16,이상화 강남 결혼
20190924,17,만도
20190924,18,최지만
20190924,19,김래원
20190924,20,에밋
20190923,1,시럽 초달달적금
20190923,2,토스스타벅스15잔이벤트
20190923,3,에어서울
20190923,4,우혜미
20190923,5,길버트 그레이프
20190923,6,류현진 홈런
20190923,7,06년생 폭행
20190923,8,추분
20190923,9,도미노피자 최저9천원
20190923,10,핑클
20190923,11,류현진 13승
20190923,12,대한검정회
20190923,13,류현진
20190923,14,우슬
20190923,15,캠핑클럽
20190923,16,태풍 피해
20190923,17,랄라라운지
20190923,18,셀트리온
20190923,19,캠핑클럽 재방송
20190923,20,부탁 하나만 들어줘
20190922,1,지니킴 패밀리세일
20190922,2,동대문 제일평화시장
20190922,3,로또877회당첨번호
20190922,4,태풍위치
20190922,5,동대문 화재
20190922,6,동대문 평화시장
20190922,7,지니킴
20190922,8,평화시장
20190922,9,제일평화시장
20190922,10,카카두플럼
20190922,11,화재
20190922,12,동대문
20190922,13,평화시장 화재
20190922,14,제일평화시장 화재
20190922,15,이상화
20190922,16,조성아물분크림
20190922,17,박세리
20190922,18,롯데마트 휴무일
20190922,19,류석춘
20190922,20,이마트 휴무일
20190921,1,족보닷컴 중간고사 응원
20190921,2,쌉니다 천리마마트
20190921,3,족보닷컴
20190921,4,권나라
20190921,5,호우시절
20190921,6,아보카도 오일
20190921,7,제시 하의실종
20190921,8,천리마마트
20190921,9,제주공항
20190921,10,배가본드
20190921,11,제시
20190921,12,현아
20190921,13,메간폭스
20190921,14,족보닷컴 중간고사
20190921,15,성도착증
20190921,16,장사리 잊혀진 영웅들
20190921,17,아이슬란드 간 세끼
20190921,18,배가본드 재방송
20190921,19,장사리
20190921,20,윤수일
20190920,1,사이다뱅크 파킹통장
20190920,2,사이다뱅크
20190920,3,심권호
20190920,4,무탠다드 캐시미어
20190920,5,스파오웜테크
20190920,6,새싹귀리분말
20190920,7,카시나
20190920,8,에오스 레드
20190920,9,롯데리아 오징어버거
20190920,10,17호 태풍 타파
20190920,11,ios13
20190920,12,태풍경로
20190920,13,새싹귀리
20190920,14,시크릿 부티크
20190920,15,조국 사퇴
20190920,16,내일날씨
20190920,17,동백꽃 필 무렵
20190920,18,무신사 스탠다드 캐시미어
20190920,19,무신사 캐시미어
20190920,20,보락
20190919,1,헤이딜러 2만명 주유권
20190919,2,화성연쇄살인사건
20190919,3,양준혁
20190919,4,견사돌완판감사제
20190919,5,양준혁 사진
20190919,6,헤이딜러
20190919,7,이춘재
20190919,8,살인의추억
20190919,9,견사돌
20190919,10,동백꽃 필 무렵
20190919,11,유영철
20190919,12,17호 태풍 타파
20190919,13,태풍경로
20190919,14,시크릿 부티크
20190919,15,프리바이오틱스
20190919,16,이니스프리 마이샵
20190919,17,살인의 추억 범인
20190919,18,화성연쇄살인사건 범인
20190919,19,달리는 조사관
20190919,20,태풍 타파
20190918,1,우리집소방관 세이프티랩
20190918,2,스킨1004천만원알바
20190918,3,토스카카오미니증정이벤트
20190918,4,세이프티랩
20190918,5,슈마커
20190918,6,스킨1004
20190918,7,비아이
20190918,8,이랜드몰 반값대란
20190918,9,황희찬
20190918,10,우리집소방관
20190918,11,챔피언스리그
20190918,12,태풍
20190918,13,이랜드몰
20190918,14,매스틱
20190918,15,주말날씨
20190918,16,임재욱
20190918,17,시서스
20190918,18,유승준
20190918,19,하림
20190918,20,투미하다
20190917,1,신세경레깅스오늘만
20190917,2,정국
20190917,3,정국 열애설
20190917,4,해쉬스완
20190917,5,젝시믹스 다운특가
20190917,6,정국 타투
20190917,7,꽃파당
20190917,8,신세경 레깅스
20190917,9,정국 거제도
20190917,10,인터파크 in생날
20190917,11,돼지열병
20190917,12,아프리카 돼지열병
20190917,13,방탄소년단 정국
20190917,14,방탄 정국 열애설
20190917,15,김현종
20190917,16,하림
20190917,17,마니커
20190917,18,루피움
20190917,19,안다르
20190917,20,전정국
20190916,1,나인위시스 수분앰플
20190916,2,한국주택금융공사
20190916,3,안심전환대출
20190916,4,서민형 안심전환대출
20190916,5,브레이브걸스
20190916,6,왕지혜
20190916,7,아리따움 비타민
20190916,8,서민형안심전환대출 조건
20190916,9,나인위시스
20190916,10,서민안심전환대출
20190916,11,주택금융공사
20190916,12,서민형 안심전환대출 서류
20190916,13,보스웰리아
20190916,14,박서아
20190916,15,브레이브걸스 박서아
20190916,16,국제유가
20190916,17,주택담보대출
20190916,18,대출
20190916,19,애드 아스트라
20190916,20,브레이브걸스 서아
20190915,1,로또876회당첨번호
20190915,2,손흥민 골
20190915,3,토트넘 크리스탈팰리스
20190915,4,도티
20190915,5,찰리와 초콜릿공장
20190915,6,손흥민
20190915,7,류현진 중계
20190915,8,류현진
20190915,9,디그롬
20190915,10,밀크터치
20190915,11,프리미어리그
20190915,12,류현진 방어율
20190915,13,epl
20190915,14,하춘화
20190915,15,lg 올레드 tv
20190915,16,클라라
20190915,17,유병재
20190915,18,신비한 TV 서프라이즈
20190915,19,안수파티
20190915,20,로또당첨지역
20190914,1,벨라루스
20190914,2,모유유산균
20190914,3,안두희
20190914,4,최희서
20190914,5,쥬만지
20190914,6,양자물리학
20190914,7,서울 경교장
20190914,8,v1
20190914,9,선을 넘는 녀석들
20190914,10,김구 암살범 안두희 배후
20190914,11,현주엽
20190914,12,추석연휴 병원
20190914,13,황간휴게소
20190914,14,설민석
20190914,15,마스터
20190914,16,경교장
20190914,17,고속도로 통행료 면제
20190914,18,다이슨 v7 플러피
20190914,19,맛남의 광장
20190914,20,김동량
20190913,1,정우성
20190913,2,추석차례상
20190913,3,정우성 나이
20190913,4,제사상차림
20190913,5,박주호
20190913,6,차례
20190913,7,박봄
20190913,8,이마트 추석휴무
20190913,9,성묘
20190913,10,지방쓰는법
20190913,11,차례상차리기
20190913,12,차례상
20190913,13,염정아
20190913,14,에바
20190913,15,추석차례상차리기
20190913,16,신비한 동물사전
20190913,17,원스토어
20190913,18,염정아 나이
20190913,19,영동고속도로 교통상황
20190913,20,서해안고속도로 교통상황
20190912,1,복면가왕 지니
20190912,2,복면가왕 나이팅게일
20190912,3,복면가왕 걸리버
20190912,4,권인하
20190912,5,고속도로교통상황
20190912,6,박기량
20190912,7,경부고속도로 교통상황
20190912,8,실시간 교통정보
20190912,9,용담섬바위
20190912,10,복면가왕
20190912,11,고사리나물볶음
20190912,12,추석인사
20190912,13,2019 추석 특선영화
20190912,14,김기범
20190912,15,윤종신
20190912,16,서해안고속도로 교통상황
20190912,17,한가위 이미지
20190912,18,동그랑땡 만드는법
20190912,19,롯데백화점 휴무일
20190912,20,원희룡
20190911,1,어헤즈 추석특가
20190911,2,월간십일절 버거킹
20190911,3,토스 송편지원금
20190911,4,토스 송금지원금
20190911,5,월간십일절 빕스
20190911,6,어헤즈
20190911,7,추석 인사말
20190911,8,호원대학교
20190911,9,클라이드앤 현아패딩
20190911,10,한가위 인사말
20190911,11,아이폰 11
20190911,12,에디린
20190911,13,고속도로교통상황
20190911,14,추석인사
20190911,15,아이패드 7세대
20190911,16,월간십일절
20190911,17,아이폰11 프로
20190911,18,이하늬
20190911,19,한가위
20190911,20,추석명절 인사말
20190910,1,뱅크샐러드 카드추천
20190910,2,뱅크샐러드
20190910,3,문재인지지
20190910,4,문재인 탄핵
20190910,5,이언주
20190910,6,토스8만원이벤트
20190910,7,홍정욱
20190910,8,다니엘 튜더
20190910,9,서동주
20190910,10,단일 미네랄 암석
20190910,11,황바울
20190910,12,조현재
20190910,13,닭발
20190910,14,서세원
20190910,15,랄라라운지
20190910,16,지상
20190910,17,이언주 삭발
20190910,18,추석 인사말
20190910,19,문정희
20190910,20,영화 그것 1
20190909,1,닥터폴스
20190909,2,안희정
20190909,3,쓱세권 e장날
20190909,4,에버콜라겐미친특가
20190909,5,쿠우쿠우 9월9일
20190909,6,토스마블공기청정기이벤트
20190909,7,양예원
20190909,8,구스켓
20190909,9,서연미 아나운서
20190909,10,현대글로비스
20190909,11,태풍 파사이
20190909,12,아이유 잼잼
20190909,13,잼잼 가사
20190909,14,검찰사모펀드쇼
20190909,15,시서스
20190909,16,잼잼
20190909,17,나달
20190909,18,라파엘 나달
20190909,19,강은일
20190909,20,메드베데프
